period,reporterDesc,partnerDesc,cmdCode,qty,altQty,netWgt,Merge_qty,primaryValue
2017,Ghana,World,7108,197809.923,0,,197809.923,"$5,858,280,934.89"
2017,Ghana,Australia,7108,28.14,28.14,28.14,28.14,"$1,103,009.85"
2017,Ghana,Belgium,7108,20.74,20.74,20.74,20.74,"$927,456.05"
2017,Ghana,Brazil,7108,0.59,0.59,0.59,0.59,"$4,926.13"
2017,Ghana,Canada,7108,0.46,0.46,0.46,0.46,"$19,401.24"
2017,Ghana,Germany,7108,5.43,5.43,5.43,5.43,"$195,402.13"
2017,Ghana,"China, Hong Kong SAR",7108,1247.5,1247.5,1247.5,1247.5,"$51,276,844.51"
2017,Ghana,Italy,7108,13.47,13.47,13.47,13.47,"$581,452.34"
2017,Ghana,Japan,7108,23.12,23.12,13.47,23.12,"$995,810.06"
2017,Ghana,Rep. of Korea,7108,51.87,51.87,13.47,51.87,"$2,196,377.09"
2017,Ghana,Lebanon,7108,574.61,574.61,13.47,574.61,"$23,268,104.93"
2017,Ghana,Malaysia,7108,0.9,0.9,13.47,0.9,"$38,253.57"
2017,Ghana,"Other Asia, nes",7108,0.94,0.94,13.47,0.94,"$37,542.60"
2017,Ghana,Netherlands,7108,1,1,13.47,1,"$41,255.95"
2017,Ghana,Pakistan,7108,139.883,0,,139.883,"$4,105,327.19"
2017,Ghana,Portugal,7108,0.7,0.7,0.7,0.7,"$25,830.98"
2017,Ghana,Qatar,7108,1.8,1.8,1.8,1.8,"$77,905.45"
2017,Ghana,India,7108,100504.94,100504.94,100504.94,100504.94,"$2,535,781,564.10"
2017,Ghana,Singapore,7108,12.87,12.87,12.87,12.87,"$538,242.74"
2017,Ghana,South Africa,7108,24933.8,24933.8,24933.8,24933.8,"$851,745,412.33"
2017,Ghana,Spain,7108,107.54,107.54,107.54,107.54,"$4,390,233.79"
2017,Ghana,Switzerland,7108,51736.5,51736.5,51736.5,51736.5,"$1,630,355,637.74"
2017,Ghana,United Arab Emirates,7108,17339.75,17339.75,17339.75,17339.75,"$707,254,172.46"
2017,Ghana,Türkiye,7108,809.83,809.83,809.83,809.83,"$33,812,873.50"
2017,Ghana,United Kingdom,7108,7.94,7.94,7.94,7.94,"$355,578.53"
2017,Ghana,USA,7108,245.6,245.6,245.6,245.6,"$9,152,319.65"
2017,Ghana,World,710812,4478.8,4478.8,4478.8,4478.8,"$184,325,893.80"
2017,Ghana,Australia,710812,13.14,13.14,13.14,13.14,"$510,781.53"
2017,Ghana,Germany,710812,0.48,0.48,0.48,0.48,"$19,718.22"
2017,Ghana,India,710812,3291.74,3291.74,3291.74,3291.74,"$136,500,716.57"
2017,Ghana,Spain,710812,2.73,2.73,2.73,2.73,"$96,166.54"
2017,Ghana,United Arab Emirates,710812,1152.05,1152.05,1152.05,1152.05,"$47,123,363.18"
2017,Ghana,USA,710812,18.66,18.66,18.66,18.66,"$75,147.77"
2017,Ghana,World,710813,193331.123,0,,193331.123,"$5,673,955,041.09"
2017,Ghana,Australia,710813,15,15,15,15,"$592,228.32"
2017,Ghana,Belgium,710813,20.74,20.74,20.74,20.74,"$927,456.05"
2017,Ghana,Brazil,710813,0.59,0.59,0.59,0.59,"$4,926.13"
2017,Ghana,Canada,710813,0.46,0.46,0.46,0.46,"$19,401.24"
2017,Ghana,Germany,710813,4.95,4.95,4.95,4.95,"$175,683.91"
2017,Ghana,"China, Hong Kong SAR",710813,1247.5,1247.5,1247.5,1247.5,"$51,276,844.51"
2017,Ghana,Italy,710813,13.47,13.47,13.47,13.47,"$581,452.34"
2017,Ghana,Japan,710813,23.12,23.12,23.12,23.12,"$995,810.06"
2017,Ghana,Rep. of Korea,710813,51.87,51.87,51.87,51.87,"$2,196,377.09"
2017,Ghana,Lebanon,710813,574.61,574.61,574.61,574.61,"$23,268,104.93"
2017,Ghana,Malaysia,710813,0.9,0.9,0.9,0.9,"$38,253.57"
2017,Ghana,"Other Asia, nes",710813,0.94,0.94,0.94,0.94,"$37,542.60"
2017,Ghana,Netherlands,710813,1,1,1,1,"$41,255.95"
2017,Ghana,Pakistan,710813,139.883,0,,139.883,"$4,105,327.19"
2017,Ghana,Portugal,710813,0.7,0.7,0.7,0.7,"$25,830.98"
2017,Ghana,Qatar,710813,1.8,1.8,1.8,1.8,"$77,905.45"
2017,Ghana,India,710813,97213.2,97213.2,97213.2,97213.2,"$2,399,280,847.53"
2017,Ghana,Singapore,710813,12.87,12.87,12.87,12.87,"$538,242.74"
2017,Ghana,South Africa,710813,24933.8,24933.8,24933.8,24933.8,"$851,745,412.33"
2017,Ghana,Spain,710813,104.81,104.81,104.81,104.81,"$4,294,067.25"
2017,Ghana,Switzerland,710813,51736.5,51736.5,51736.5,51736.5,"$1,630,355,637.74"
2017,Ghana,United Arab Emirates,710813,16187.7,16187.7,16187.7,16187.7,"$660,130,809.28"
2017,Ghana,Türkiye,710813,809.83,809.83,809.83,809.83,"$33,812,873.50"
2017,Ghana,United Kingdom,710813,7.94,7.94,7.94,7.94,"$355,578.53"
2017,Ghana,USA,710813,226.94,226.94,226.94,226.94,"$9,077,171.89"
2018,Ghana,World,7108,242131.663,0,242131.663,242131.663,"$6,092,571,757.76"
2018,Ghana,Australia,7108,0.3,0.3,0.3,0.3,"$12,467.59"
2018,Ghana,Belgium,7108,62.81,62.81,62.81,62.81,"$2,581,128.33"
2018,Ghana,Brazil,7108,47.35,47.35,47.35,47.35,"$1,978,182.65"
2018,Ghana,Canada,7108,1.03,1.03,1.03,1.03,"$41,956.43"
2018,Ghana,China,7108,9.26,9.26,9.26,9.26,"$37,228.06"
2018,Ghana,Denmark,7108,0.07,0.07,0.07,0.07,"$2,596.70"
2018,Ghana,Estonia,7108,0.94,0.94,0.94,0.94,"$39,696.45"
2018,Ghana,France,7108,1.8,1.8,1.8,1.8,"$77,487.22"
2018,Ghana,Germany,7108,1.02,1.02,1.02,1.02,"$42,448.75"
2018,Ghana,"China, Hong Kong SAR",7108,1460.62,1460.62,1460.62,1460.62,"$60,467,727.57"
2018,Ghana,Iceland,7108,0.28,0.28,0.28,0.28,"$11,313.49"
2018,Ghana,Italy,7108,6.78,6.78,6.78,6.78,"$277,779.34"
2018,Ghana,Japan,7108,0.95,0.95,0.95,0.95,"$38,655.71"
2018,Ghana,Rep. of Korea,7108,14.45,14.45,14.45,14.45,"$597,504.80"
2018,Ghana,Kuwait,7108,1.84,1.84,1.84,1.84,"$76,181.66"
2018,Ghana,Lebanon,7108,2329.05,2329.05,2329.05,2329.05,"$97,431,187.05"
2018,Ghana,Malta,7108,1.56,1.56,1.56,1.56,"$65,412.06"
2018,Ghana,Pakistan,7108,149,149,149,149,"$5,183,509.86"
2018,Ghana,Portugal,7108,6.74,6.74,6.74,6.74,"$302,478.62"
2018,Ghana,Qatar,7108,3,3,3,3,"$149,345.51"
2018,Ghana,Saudi Arabia,7108,3.81,3.81,3.81,3.81,"$15,818.97"
2018,Ghana,Sierra Leone,7108,9,9,9,9,"$393,443.45"
2018,Ghana,India,7108,73729.3,73729.3,73729.3,73729.3,"$2,860,445,527.31"
2018,Ghana,South Africa,7108,26731.4,26731.4,26731.4,26731.4,"$916,231,515.56"
2018,Ghana,Spain,7108,48.39,48.39,48.39,48.39,"$1,999,841.30"
2018,Ghana,Switzerland,7108,48681,48681,48681,48681,"$1,620,101,542.40"
2018,Ghana,Thailand,7108,2.96,2.96,2.96,2.96,"$121,967.08"
2018,Ghana,United Arab Emirates,7108,88462.913,0,88462.913,88462.913,"$508,233,844.68"
2018,Ghana,Türkiye,7108,285.99,285.99,285.99,285.99,"$12,352,908.97"
2018,Ghana,United Kingdom,7108,1.96,1.96,1.96,1.96,"$78,402.39"
2018,Ghana,USA,7108,76.09,76.09,76.09,76.09,"$3,182,657.81"
2018,Ghana,World,710812,70312.7,70312.7,70312.7,70312.7,"$647,846,299.12"
2018,Ghana,"China, Hong Kong SAR",710812,0.96,0.96,0.96,0.96,"$38,044.27"
2018,Ghana,Iceland,710812,0.28,0.28,0.28,0.28,"$11,313.49"
2018,Ghana,Malta,710812,1.56,1.56,1.56,1.56,"$65,412.06"
2018,Ghana,Saudi Arabia,710812,3.81,3.81,3.81,3.81,"$15,818.97"
2018,Ghana,India,710812,15324.5,15324.5,15324.5,15324.5,"$625,054,418.02"
2018,Ghana,United Arab Emirates,710812,54981.1,54981.1,54981.1,54981.1,"$22,640,998.04"
2018,Ghana,Türkiye,710812,0.38,0.38,0.38,0.38,"$15,995.57"
2018,Ghana,United Kingdom,710812,0.11,0.11,0.11,0.11,"$4,298.71"
2018,Ghana,World,710813,171818.963,0,171818.963,171818.963,"$5,444,725,458.64"
2018,Ghana,Australia,710813,0.3,0.3,0.3,0.3,"$12,467.59"
2018,Ghana,Belgium,710813,62.81,62.81,62.81,62.81,"$2,581,128.33"
2018,Ghana,Brazil,710813,47.35,47.35,47.35,47.35,"$1,978,182.65"
2018,Ghana,Canada,710813,1.03,1.03,1.03,1.03,"$41,956.43"
2018,Ghana,China,710813,9.26,9.26,9.26,9.26,"$37,228.06"
2018,Ghana,Denmark,710813,0.07,0.07,0.07,0.07,"$2,596.70"
2018,Ghana,Estonia,710813,0.94,0.94,0.94,0.94,"$39,696.45"
2018,Ghana,France,710813,1.8,1.8,1.8,1.8,"$77,487.22"
2018,Ghana,Germany,710813,1.02,1.02,1.02,1.02,"$42,448.75"
2018,Ghana,"China, Hong Kong SAR",710813,1459.66,1459.66,1459.66,1459.66,"$60,429,683.30"
2018,Ghana,Italy,710813,6.78,6.78,6.78,6.78,"$277,779.34"
2018,Ghana,Japan,710813,0.95,0.95,0.95,0.95,"$38,655.71"
2018,Ghana,Rep. of Korea,710813,14.45,14.45,14.45,14.45,"$597,504.80"
2018,Ghana,Kuwait,710813,1.84,1.84,1.84,1.84,"$76,181.66"
2018,Ghana,Lebanon,710813,2329.05,2329.05,2329.05,2329.05,"$97,431,187.05"
2018,Ghana,Pakistan,710813,149,149,149,149,"$5,183,509.86"
2018,Ghana,Portugal,710813,6.74,6.74,6.74,6.74,"$302,478.62"
2018,Ghana,Qatar,710813,3,3,3,3,"$149,345.51"
2018,Ghana,Sierra Leone,710813,9,9,9,9,"$393,443.45"
2018,Ghana,India,710813,58404.8,58404.8,58404.8,58404.8,"$2,235,391,109.29"
2018,Ghana,South Africa,710813,26731.4,26731.4,26731.4,26731.4,"$916,231,515.56"
2018,Ghana,Spain,710813,48.39,48.39,48.39,48.39,"$1,999,841.30"
2018,Ghana,Switzerland,710813,48681,48681,48681,48681,"$1,620,101,542.40"
2018,Ghana,Thailand,710813,2.96,2.96,2.96,2.96,"$121,967.08"
2018,Ghana,United Arab Emirates,710813,33481.813,0,33481.813,33481.813,"$485,592,846.63"
2018,Ghana,Türkiye,710813,285.61,285.61,285.61,285.61,"$12,336,913.40"
2018,Ghana,United Kingdom,710813,1.85,1.85,1.85,1.85,"$74,103.68"
2018,Ghana,USA,710813,76.09,76.09,76.09,76.09,"$3,182,657.81"
2018,Nigeria,World,7108,0,0,,0,"$63,250.05"
2018,Nigeria,United Arab Emirates,7108,1,1,1,1,"$24,941.80"
2018,Nigeria,USA,7108,0,0,,0,"$38,308.26"
2018,Nigeria,World,710812,0,1001,,0,"$63,250.05"
2018,Nigeria,United Arab Emirates,710812,1,1,1,1,"$24,941.80"
2018,Nigeria,USA,710812,0,1000,,0,"$38,308.26"
2019,Ghana,World,7108,0,0,,0,"$6,198,864,188.72"
2019,Ghana,Austria,7108,1,1,1,1,"$45,142.30"
2019,Ghana,Belgium,7108,155.3,155.3,155.3,155.3,"$6,692,463.04"
2019,Ghana,Brazil,7108,176.26,176.26,176.26,176.26,"$7,382,882.89"
2019,Ghana,Canada,7108,82.97,82.97,82.97,82.97,"$3,784,391.01"
2019,Ghana,"China, Hong Kong SAR",7108,4475.56,4475.56,4475.56,4475.56,"$200,832,808.38"
2019,Ghana,Italy,7108,6.5,6.5,6.5,6.5,"$274,163.27"
2019,Ghana,Japan,7108,2.85,2.85,2.85,2.85,"$82,558.68"
2019,Ghana,Rep. of Korea,7108,4.719,0,4.719,4.719,"$189,617.46"
2019,Ghana,Lebanon,7108,53.75,53.75,53.75,53.75,"$2,465,542.43"
2019,Ghana,Latvia,7108,1,1,1,1,"$42,793.32"
2019,Ghana,"Other Asia, nes",7108,1.87,1.87,1.87,1.87,"$75,255.50"
2019,Ghana,Netherlands,7108,1,1,1,1,"$18,081.25"
2019,Ghana,Pakistan,7108,332.99,332.99,332.99,332.99,"$13,376,260.64"
2019,Ghana,Portugal,7108,2.91,2.91,2.91,2.91,"$119,617.99"
2019,Ghana,Saudi Arabia,7108,0.05,0.05,0.05,0.05,"$2,118.61"
2019,Ghana,Sierra Leone,7108,2.91,2.91,2.91,2.91,"$133,714.87"
2019,Ghana,India,7108,42521.79,42521.79,42521.79,42521.79,"$1,692,926,086.48"
2019,Ghana,Singapore,7108,1.86,1.86,1.86,1.86,"$75,356.18"
2019,Ghana,South Africa,7108,27752.32,27752.32,27752.32,27752.32,"$1,058,886,523.16"
2019,Ghana,Switzerland,7108,62921.79,62921.79,62921.79,62921.79,"$2,377,844,886.32"
2019,Ghana,Thailand,7108,9.16,9.16,9.16,9.16,"$420,098.03"
2019,Ghana,United Arab Emirates,7108,0,0,,0,"$830,377,218.29"
2019,Ghana,Türkiye,7108,52.08,52.08,52.08,52.08,"$2,244,722.26"
2019,Ghana,United Kingdom,7108,6.58,6.58,6.58,6.58,"$270,670.93"
2019,Ghana,USA,7108,8.3,8.3,8.3,8.3,"$301,215.45"
2019,Ghana,World,710811,28.62,28.62,28.62,28.62,"$1,019,739.58"
2019,Ghana,India,710811,28.62,28.62,28.62,28.62,"$1,019,739.58"
2019,Ghana,World,710812,6319.37,6319.37,6319.37,6319.37,"$269,049,409.99"
2019,Ghana,"China, Hong Kong SAR",710812,414.08,414.08,414.08,414.08,"$19,975,599.81"
2019,Ghana,Italy,710812,2.79,2.79,2.79,2.79,"$125,839.50"
2019,Ghana,Pakistan,710812,92.99,92.99,92.99,92.99,"$3,706,906.03"
2019,Ghana,Sierra Leone,710812,1.91,1.91,1.91,1.91,"$95,730.66"
2019,Ghana,India,710812,3719.88,3719.88,3719.88,3719.88,"$154,281,377.88"
2019,Ghana,Singapore,710812,1.86,1.86,1.86,1.86,"$75,356.18"
2019,Ghana,Thailand,710812,5.77,5.77,5.77,5.77,"$249,579.78"
2019,Ghana,United Arab Emirates,710812,2075.37,2075.37,2075.37,2075.37,"$90,330,155.37"
2019,Ghana,Türkiye,710812,2.79,2.79,2.79,2.79,"$113,569.82"
2019,Ghana,USA,710812,1.93,1.93,1.93,1.93,"$95,294.96"
2019,Ghana,World,710813,0,1291935.17,,0,"$5,928,795,039.15"
2019,Ghana,Austria,710813,1,1,1,1,"$45,142.30"
2019,Ghana,Belgium,710813,155.3,155.3,155.3,155.3,"$6,692,463.04"
2019,Ghana,Brazil,710813,176.26,176.26,176.26,176.26,"$7,382,882.89"
2019,Ghana,Canada,710813,82.97,82.97,82.97,82.97,"$3,784,391.01"
2019,Ghana,"China, Hong Kong SAR",710813,4061.48,4061.48,4061.48,4061.48,"$180,857,208.57"
2019,Ghana,Italy,710813,3.71,3.71,3.71,3.71,"$148,323.77"
2019,Ghana,Japan,710813,2.85,2.85,2.85,2.85,"$82,558.68"
2019,Ghana,Rep. of Korea,710813,4.719,929.76,4.719,4.719,"$189,617.46"
2019,Ghana,Lebanon,710813,53.75,53.75,53.75,53.75,"$2,465,542.43"
2019,Ghana,Latvia,710813,1,1,1,1,"$42,793.32"
2019,Ghana,"Other Asia, nes",710813,1.87,1.87,1.87,1.87,"$75,255.50"
2019,Ghana,Netherlands,710813,1,1,1,1,"$18,081.25"
2019,Ghana,Pakistan,710813,240,240,240,240,"$9,669,354.62"
2019,Ghana,Portugal,710813,2.91,2.91,2.91,2.91,"$119,617.99"
2019,Ghana,Saudi Arabia,710813,0.05,0.05,0.05,0.05,"$2,118.61"
2019,Ghana,Sierra Leone,710813,1,1,1,1,"$37,984.21"
2019,Ghana,India,710813,38773.29,38773.29,38773.29,38773.29,"$1,537,624,969.02"
2019,Ghana,South Africa,710813,27752.32,27752.32,27752.32,27752.32,"$1,058,886,523.16"
2019,Ghana,Switzerland,710813,62921.79,62921.79,62921.79,62921.79,"$2,377,844,886.32"
2019,Ghana,Thailand,710813,3.39,3.39,3.39,3.39,"$170,518.26"
2019,Ghana,United Arab Emirates,710813,0,1156707.23,,0,"$740,047,062.92"
2019,Ghana,Türkiye,710813,49.29,49.29,49.29,49.29,"$2,131,152.44"
2019,Ghana,United Kingdom,710813,6.58,6.58,6.58,6.58,"$270,670.93"
2019,Ghana,USA,710813,6.37,6.37,6.37,6.37,"$205,920.48"
2020,Nigeria,World,7108,0,0,0,0,"$2,066,218.46"
2020,Nigeria,United Arab Emirates,7108,0,0,0,0,"$1,592,963.95"
2020,Nigeria,Türkiye,7108,30,30,30,30,"$473,254.51"
2020,Nigeria,World,710812,0,107565,0,0,"$1,904,286.89"
2020,Nigeria,United Arab Emirates,710812,0,107535,0,0,"$1,431,032.38"
2020,Nigeria,Türkiye,710812,30,30,30,30,"$473,254.51"
2020,Nigeria,World,710813,0,4400,0,0,"$161,931.57"
2020,Nigeria,United Arab Emirates,710813,0,4400,0,0,"$161,931.57"
2021,Ghana,World,7108,2698822.551,5822523.01,103016.865,2698822.551,"$5,123,945,223.26"
2021,Ghana,Australia,7108,104225.45,104225.45,3960.257,104225.45,"$187,334,441.84"
2021,Ghana,Belgium,7108,1,1,1,1,"$54,867.58"
2021,Ghana,Canada,7108,693.401,693.401,23.312,693.401,"$1,252,011.36"
2021,Ghana,Germany,7108,29.836,29.836,0.928,29.836,"$52,494.73"
2021,Ghana,"China, Hong Kong SAR",7108,13202.04,13202.04,688.179,13202.04,"$39,794,329.60"
2021,Ghana,Italy,7108,1550.379,1550.379,97.137,1550.379,"$5,576,114.61"
2021,Ghana,Japan,7108,14.867,14.867,0.462,14.867,"$26,257.52"
2021,Ghana,Rep. of Korea,7108,135.981,135.981,5.973,135.981,"$307,300.86"
2021,Ghana,Latvia,7108,1,1,0.91,1,"$54,588.09"
2021,Ghana,Oman,7108,31.892,31.892,0.992,31.892,"$57,447.14"
2021,Ghana,New Zealand,7108,2.146,2.146,0.067,2.146,"$3,672.26"
2021,Ghana,Nigeria,7108,59.588,59.588,2.006,59.588,"$109,141.11"
2021,Ghana,Poland,7108,3.123,3.123,0.9,3.123,"$5,521.87"
2021,Ghana,Sierra Leone,7108,59.492,59.492,2,59.492,"$109,809.69"
2021,Ghana,India,7108,545893.147,547659.226,19761.749,545893.147,"$1,001,975,665.52"
2021,Ghana,South Africa,7108,675674.324,3797608.704,27501.882,675674.324,"$1,393,631,712.02"
2021,Ghana,Switzerland,7108,1320169.2,1320169.2,49403.677,1320169.2,"$2,405,706,522.36"
2021,Ghana,Thailand,7108,1188.493,1188.493,41.002,1188.493,"$2,203,179.52"
2021,Ghana,United Arab Emirates,7108,30525.508,30525.508,1341.972,30525.508,"$75,164,308.02"
2021,Ghana,Türkiye,7108,1334.371,1334.371,41.727,1334.371,"$2,610,279.35"
2021,Ghana,United Kingdom,7108,120.006,120.006,3.732,120.006,"$212,855.82"
2021,Ghana,United Rep. of Tanzania,7108,3777.74,3777.74,125.001,3777.74,"$7,005,170.53"
2021,Ghana,USA,7108,129.567,129.567,12,129.567,"$697,531.86"
2021,Ghana,World,710812,24135.228,25901.307,765.114,24135.228,"$43,933,532.12"
2021,Ghana,Nigeria,710812,59.588,59.588,2.006,59.588,"$109,141.11"
2021,Ghana,Sierra Leone,710812,59.492,59.492,2,59.492,"$109,809.69"
2021,Ghana,India,710812,15510.537,17276.616,493.002,15510.537,"$28,448,231.83"
2021,Ghana,United Arab Emirates,710812,8144.227,8144.227,256.719,8144.227,"$14,490,608.20"
2021,Ghana,Türkiye,710812,361.384,361.384,11.387,361.384,"$775,741.29"
2021,Ghana,World,710813,2674687.323,5796621.703,102251.751,2674687.323,"$5,080,011,691.13"
2021,Ghana,Australia,710813,104225.45,104225.45,3960.257,104225.45,"$187,334,441.84"
2021,Ghana,Belgium,710813,1,1,1,1,"$54,867.58"
2021,Ghana,Canada,710813,693.401,693.401,23.312,693.401,"$1,252,011.36"
2021,Ghana,Germany,710813,29.836,29.836,0.928,29.836,"$52,494.73"
2021,Ghana,"China, Hong Kong SAR",710813,13202.04,13202.04,688.179,13202.04,"$39,794,329.60"
2021,Ghana,Italy,710813,1550.379,1550.379,97.137,1550.379,"$5,576,114.61"
2021,Ghana,Japan,710813,14.867,14.867,0.462,14.867,"$26,257.52"
2021,Ghana,Rep. of Korea,710813,135.981,135.981,5.973,135.981,"$307,300.86"
2021,Ghana,Latvia,710813,1,1,0.91,1,"$54,588.09"
2021,Ghana,Oman,710813,31.892,31.892,0.992,31.892,"$57,447.14"
2021,Ghana,New Zealand,710813,2.146,2.146,0.067,2.146,"$3,672.26"
2021,Ghana,Poland,710813,3.123,3.123,0.9,3.123,"$5,521.87"
2021,Ghana,India,710813,530382.61,530382.61,19268.747,530382.61,"$973,527,433.69"
2021,Ghana,South Africa,710813,675674.324,3797608.704,27501.882,675674.324,"$1,393,631,712.02"
2021,Ghana,Switzerland,710813,1320169.2,1320169.2,49403.677,1320169.2,"$2,405,706,522.36"
2021,Ghana,Thailand,710813,1188.493,1188.493,41.002,1188.493,"$2,203,179.52"
2021,Ghana,United Arab Emirates,710813,22381.281,22381.281,1085.253,22381.281,"$60,673,699.82"
2021,Ghana,Türkiye,710813,972.987,972.987,30.34,972.987,"$1,834,538.06"
2021,Ghana,United Kingdom,710813,120.006,120.006,3.732,120.006,"$212,855.82"
2021,Ghana,United Rep. of Tanzania,710813,3777.74,3777.74,125.001,3777.74,"$7,005,170.53"
2021,Ghana,USA,710813,129.567,129.567,12,129.567,"$697,531.86"
2021,Nigeria,World,7108,0,0,0,0,"$8,290,482.56"
2021,Nigeria,Switzerland,7108,148.61,148.61,148.61,148.61,"$7,336,973.94"
2021,Nigeria,United Arab Emirates,7108,0,0,0,0,"$577,578.59"
2021,Nigeria,Türkiye,7108,0,0,0,0,"$375,930.02"
2021,Nigeria,World,710811,0,16348.61,0,0,"$7,914,552.54"
2021,Nigeria,Switzerland,710811,148.61,148.61,148.61,148.61,"$7,336,973.94"
2021,Nigeria,United Arab Emirates,710811,0,16200,0,0,"$577,578.59"
2021,Nigeria,World,710812,0,18450,0,0,"$375,930.02"
2021,Nigeria,Türkiye,710812,0,18450,0,0,"$375,930.02"
2022,Ghana,World,7108,3816018.965,0,131349.213,3816018.965,"$6,540,960,051.31"
2022,Ghana,Belgium,7108,60.109,60.109,2.779,60.109,"$151,382.93"
2022,Ghana,Bulgaria,7108,1.534,1.534,0.048,1.534,"$2,465.78"
2022,Ghana,Canada,7108,2.424,2.424,0.075,2.424,"$4,194.59"
2022,Ghana,China,7108,360.496,360.496,12.01,360.496,"$476,349.26"
2022,Ghana,Czechia,7108,1,1,1,1,"$21,151.68"
2022,Ghana,France,7108,3.709,3.709,0.128,3.709,"$6,426.47"
2022,Ghana,"China, Hong Kong SAR",7108,13199.344,13199.344,680.221,13199.344,"$39,446,307.62"
2022,Ghana,Japan,7108,89.751,89.751,2.845,89.751,"$150,452.11"
2022,Ghana,Rep. of Korea,7108,388.674,388.674,12.988,388.674,"$783,424.16"
2022,Ghana,Kuwait,7108,301.747,301.747,10.274,301.747,"$650,040.42"
2022,Ghana,Malaysia,7108,1,1,1,1,"$50,049.69"
2022,Ghana,Oman,7108,1,1,0.93,1,"$45,738.69"
2022,Ghana,Poland,7108,29.201,29.201,0.908,29.201,"$81,192.18"
2022,Ghana,Qatar,7108,1,1,1,1,"$237,239.58"
2022,Ghana,Senegal,7108,29.982,29.982,0.932,29.982,"$47,493.09"
2022,Ghana,India,7108,729574.129,729574.129,27268.105,729574.129,"$1,400,463,715.56"
2022,Ghana,Singapore,7108,1.15,1.15,1.07,1.15,"$46,484.93"
2022,Ghana,South Africa,7108,1207402.72,0,33618.998,1207402.72,"$1,620,062,308.59"
2022,Ghana,Spain,7108,59.543,59.543,1.852,59.543,"$92,339.35"
2022,Ghana,Switzerland,7108,1759601.8,1759601.8,64667.32,1759601.8,"$3,147,154,563.37"
2022,Ghana,Thailand,7108,60.087,60.087,1.894,60.087,"$82,006.21"
2022,Ghana,United Arab Emirates,7108,99489.677,602762.96,4872.455,99489.677,"$316,874,807.16"
2022,Ghana,Türkiye,7108,1719.88,1719.88,59,1719.88,"$4,795,774.21"
2022,Ghana,USA,7108,3296.773,3296.773,119.68,3296.773,"$8,662,745.40"
2022,Ghana,Burkina Faso,7108,342.235,342.235,11.7,342.235,"$571,398.28"
2022,Ghana,World,710812,38221.667,38221.667,1190.287,38221.667,"$56,418,193.68"
2022,Ghana,India,710812,34030.079,34030.079,1059.688,34030.079,"$49,629,947.63"
2022,Ghana,Thailand,710812,1,1,0.057,1,"$4,903.81"
2022,Ghana,United Arab Emirates,710812,4190.588,4190.588,130.542,4190.588,"$6,783,342.24"
2022,Ghana,World,710813,3777797.298,4299587.793,130158.926,3777797.298,"$6,484,541,857.62"
2022,Ghana,Belgium,710813,60.109,60.109,2.779,60.109,"$151,382.93"
2022,Ghana,Bulgaria,710813,1.534,1.534,0.048,1.534,"$2,465.78"
2022,Ghana,Canada,710813,2.424,2.424,0.075,2.424,"$4,194.59"
2022,Ghana,China,710813,360.496,360.496,12.01,360.496,"$476,349.26"
2022,Ghana,Czechia,710813,1,1,1,1,"$21,151.68"
2022,Ghana,France,710813,3.709,3.709,0.128,3.709,"$6,426.47"
2022,Ghana,"China, Hong Kong SAR",710813,13199.344,13199.344,680.221,13199.344,"$39,446,307.62"
2022,Ghana,Japan,710813,89.751,89.751,2.845,89.751,"$150,452.11"
2022,Ghana,Rep. of Korea,710813,388.674,388.674,12.988,388.674,"$783,424.16"
2022,Ghana,Kuwait,710813,301.747,301.747,10.274,301.747,"$650,040.42"
2022,Ghana,Malaysia,710813,1,1,1,1,"$50,049.69"
2022,Ghana,Oman,710813,1,1,0.93,1,"$45,738.69"
2022,Ghana,Poland,710813,29.201,29.201,0.908,29.201,"$81,192.18"
2022,Ghana,Qatar,710813,1,1,1,1,"$237,239.58"
2022,Ghana,Senegal,710813,29.982,29.982,0.932,29.982,"$47,493.09"
2022,Ghana,India,710813,695544.05,695544.05,26208.417,695544.05,"$1,350,833,767.93"
2022,Ghana,Singapore,710813,1.15,1.15,1.07,1.15,"$46,484.93"
2022,Ghana,South Africa,710813,1207402.72,1225919.932,33618.998,1207402.72,"$1,620,062,308.59"
2022,Ghana,Spain,710813,59.543,59.543,1.852,59.543,"$92,339.35"
2022,Ghana,Switzerland,710813,1759601.8,1759601.8,64667.32,1759601.8,"$3,147,154,563.37"
2022,Ghana,Thailand,710813,59.087,59.087,1.838,59.087,"$77,102.39"
2022,Ghana,United Arab Emirates,710813,95299.089,598572.372,4741.912,95299.089,"$310,091,464.92"
2022,Ghana,Türkiye,710813,1719.88,1719.88,59,1719.88,"$4,795,774.21"
2022,Ghana,USA,710813,3296.773,3296.773,119.68,3296.773,"$8,662,745.40"
2022,Ghana,Burkina Faso,710813,342.235,342.235,11.7,342.235,"$571,398.28"
2022,Nigeria,World,7108,19360.459,0,19360.459,19360.459,"$150,035,854.85"
2022,Nigeria,Rep. of Korea,7108,100,100,100,100,"$48,720.82"
2022,Nigeria,Switzerland,7108,18910.459,0,18910.459,18910.459,"$146,221,268.79"
2022,Nigeria,United Arab Emirates,7108,350,350,350,350,"$3,765,865.24"
2022,Nigeria,World,710811,18927.309,190119.019,18927.309,18927.309,"$146,820,803.19"
2022,Nigeria,Switzerland,710811,18907.309,190099.019,18907.309,18907.309,"$146,041,270.09"
2022,Nigeria,United Arab Emirates,710811,20,20,20,20,"$779,533.10"
2022,Nigeria,World,710812,100,100,100,100,"$974,415.79"
2022,Nigeria,United Arab Emirates,710812,100,100,100,100,"$974,415.79"
2022,Nigeria,World,710813,333.15,333.15,333.15,333.15,"$2,240,635.87"
2022,Nigeria,Rep. of Korea,710813,100,100,100,100,"$48,720.82"
2022,Nigeria,Switzerland,710813,3.15,3.15,3.15,3.15,"$179,998.70"
2022,Nigeria,United Arab Emirates,710813,230,230,230,230,"$2,011,916.35"
2023,Ghana,World,7108,3096800.517,0,141141.316,3096800.517,"$7,654,649,969.93"
2023,Ghana,China,7108,4050.15,4050.15,139.02,4050.15,"$8,060,537.17"
2023,Ghana,Faeroe Isds,7108,393.478,393.478,12.59,393.478,"$715,977.55"
2023,Ghana,Germany,7108,1794.85,1794.85,65.254,1794.85,"$3,620,365.55"
2023,Ghana,"China, Hong Kong SAR",7108,9604.148,9604.148,415.353,9604.148,"$25,374,969.81"
2023,Ghana,Rep. of Korea,7108,7,7,212,7,"$13,026,947.07"
2023,Ghana,India,7108,331213.82,331213.82,17182.419,331213.82,"$952,333,155.86"
2023,Ghana,Singapore,7108,2,2,1,2,"$76,423.68"
2023,Ghana,South Africa,7108,950553.621,0,31732.149,950553.621,"$1,664,744,564.31"
2023,Ghana,Switzerland,7108,1713586.6,1713586.6,59570.13,1713586.6,"$3,075,132,519.76"
2023,Ghana,United Arab Emirates,7108,64604.39,443128.61,27756.401,64604.39,"$1,667,459,102.62"
2023,Ghana,Türkiye,7108,20990.46,20990.46,4055,20990.46,"$244,105,406.55"
2023,Ghana,World,710812,2142.14,2142.14,388.379,2142.14,"$22,476,662.45"
2023,Ghana,"China, Hong Kong SAR",710812,1,1,110,1,"$7,289,541.49"
2023,Ghana,Rep. of Korea,710812,7,7,212,7,"$13,026,947.07"
2023,Ghana,India,710812,2134.14,2134.14,66.379,2134.14,"$2,160,173.89"
2023,Ghana,World,710813,3094658.377,3487063.476,140752.937,3094658.377,"$7,632,173,307.48"
2023,Ghana,China,710813,4050.15,4050.15,139.02,4050.15,"$8,060,537.17"
2023,Ghana,Faeroe Isds,710813,393.478,393.478,12.59,393.478,"$715,977.55"
2023,Ghana,Germany,710813,1794.85,1794.85,65.254,1794.85,"$3,620,365.55"
2023,Ghana,"China, Hong Kong SAR",710813,9603.148,9603.148,305.353,9603.148,"$18,085,428.32"
2023,Ghana,India,710813,329079.68,329079.68,17116.04,329079.68,"$950,172,981.97"
2023,Ghana,Singapore,710813,2,2,1,2,"$76,423.68"
2023,Ghana,South Africa,710813,950553.621,964434.5,31732.149,950553.621,"$1,664,744,564.31"
2023,Ghana,Switzerland,710813,1713586.6,1713586.6,59570.13,1713586.6,"$3,075,132,519.76"
2023,Ghana,United Arab Emirates,710813,64604.39,443128.61,27756.401,64604.39,"$1,667,459,102.62"
2023,Ghana,Türkiye,710813,20990.46,20990.46,4055,20990.46,"$244,105,406.55"
2023,Nigeria,World,7108,3217.799,0,3217.799,3217.799,"$141,061,875.64"
2023,Nigeria,Switzerland,7108,3217.799,0,3217.799,3217.799,"$141,061,875.64"
2023,Nigeria,World,710811,3217.799,929961.8,3217.799,3217.799,"$141,061,875.64"
2023,Nigeria,Switzerland,710811,3217.799,929961.8,3217.799,3217.799,"$141,061,875.64"
